0,abbeville-county-sc
1,acadia-county-la
2,accomack-county-va
3,ada-county-id
4,adair-county-ia
5,adair-county-ky
6,adair-county-mo
7,adair-county-ok
8,adams-county-co
9,adams-county-id
10,adams-county-il
11,adams-county-in
12,adams-county-ia
13,adams-county-ms
14,adams-county-ne
15,adams-county-oh
16,adams-county-pa
17,adams-county-wa
18,adams-county-wi
19,addison-county-vt
20,aiken-county-sc
21,aitkin-county-mn
22,alachua-county-fl
23,alamance-county-nc
24,alameda-county-ca
25,alamosa-county-co
26,albany-county-ny
27,albany-county-wy
28,albemarle-county-va
29,alcona-county-mi
30,alcorn-county-ms
31,alexander-county-il
32,alexander-county-nc
33,alexandria-county-va
34,alfalfa-county-ok
35,alger-county-mi
36,allamakee-county-ia
37,allegan-county-mi
38,allegany-county-md
39,allegany-county-ny
40,alleghany-county-nc
41,alleghany-county-va
42,allegheny-county-pa
43,allen-county-in
44,allen-county-ks
45,allen-county-ky
46,allen-county-la
47,allen-county-oh
48,allendale-county-sc
49,alpena-county-mi
50,alpine-county-ca
51,amador-county-ca
52,amelia-county-va
53,amherst-county-va
54,amite-county-ms
55,anchorage-county-ak
56,anderson-county-ks
57,anderson-county-ky
58,anderson-county-sc
59,anderson-county-tn
60,anderson-county-tx
61,andrew-county-mo
62,andrews-county-tx
63,androscoggin-county-me
64,angelina-county-tx
65,anne-arundel-county-md
66,anoka-county-mn
67,anson-county-nc
68,antelope-county-ne
69,antrim-county-mi
70,apache-county-az
71,appanoose-county-ia
72,appling-county-ga
73,appomattox-county-va
74,aransas-county-tx
75,arapahoe-county-co
76,archer-county-tx
77,archuleta-county-co
78,arenac-county-mi
79,arkansas-county-ar
80,arlington-county-va
81,armstrong-county-pa
82,armstrong-county-tx
83,aroostook-county-me
84,arthur-county-ne
85,ascension-county-la
86,ashe-county-nc
87,ashland-county-oh
88,ashland-county-wi
89,ashley-county-ar
90,ashtabula-county-oh
91,asotin-county-wa
92,assumption-county-la
93,atascosa-county-tx
94,atchison-county-ks
95,atchison-county-mo
96,athens-county-oh
97,atkinson-county-ga
98,atlantic-county-nj
99,atoka-county-ok
100,attala-county-ms
101,audrain-county-mo
102,audubon-county-ia
103,auglaize-county-oh
104,augusta-county-va
105,aurora-county-sd
106,austin-county-tx
107,autauga-county-al
108,avery-county-nc
109,avoyelles-county-la
110,baca-county-co
111,bacon-county-ga
112,bailey-county-tx
113,baker-county-fl
114,baker-county-ga
115,baker-county-or
116,baldwin-county-al
117,baldwin-county-ga
118,ballard-county-ky
119,baltimore-county-md
120,baltimore-city-county-md
121,bamberg-county-sc
122,bandera-county-tx
123,banks-county-ga
124,banner-county-ne
125,bannock-county-id
126,baraga-county-mi
127,barber-county-ks
128,barbour-county-al
129,barbour-county-wv
130,barnes-county-nd
131,barnstable-county-ma
132,barnwell-county-sc
133,barren-county-ky
134,barron-county-wi
135,barrow-county-ga
136,barry-county-mi
137,barry-county-mo
138,bartholomew-county-in
139,barton-county-ks
140,barton-county-mo
141,bartow-county-ga
142,bastrop-county-tx
143,bates-county-mo
144,bath-county-ky
145,bath-county-va
146,baxter-county-ar
147,bay-county-fl
148,bay-county-mi
149,bayfield-county-wi
150,baylor-county-tx
151,beadle-county-sd
152,bear-lake-county-id
153,bear-lake-county-id
154,beaufort-county-nc
155,beaufort-county-sc
156,beauregard-county-la
157,beaver-county-ok
158,beaver-county-pa
159,beaverhead-county-mt
160,becker-county-mn
161,beckham-county-ok
162,bedford-county-pa
163,bedford-county-tn
164,bedford-county-va
165,bee-county-tx
166,belknap-county-nh
167,bell-county-ky
168,bell-county-tx
169,belmont-county-oh
170,beltrami-county-mn
171,ben-hill-county-ga
172,benewah-county-id
173,bennett-county-sd
174,bennington-county-vt
175,benson-county-nd
176,bent-county-co
177,benton-county-ar
178,benton-county-in
179,benton-county-ia
180,benton-county-mn
181,benton-county-ms
182,benton-county-mo
183,benton-county-or
184,benton-county-tn
185,benton-county-wa
186,benzie-county-mi
187,bergen-county-nj
188,berkeley-county-sc
189,berkeley-county-wv
190,berks-county-pa
191,berkshire-county-ma
192,bernalillo-county-nm
193,berrien-county-ga
194,berrien-county-mi
195,bertie-county-nc
196,bethel-county-ak
197,bexar-county-tx
198,bibb-county-al
199,bibb-county-ga
200,bienville-county-la
201,big-horn-county-mt
202,big-horn-county-wy
203,big-stone-county-mn
204,billings-county-nd
205,bingham-county-id
206,black-hawk-county-ia
207,blackford-county-in
208,bladen-county-nc
209,blaine-county-id
210,blaine-county-ne
211,blaine-county-ok
212,blair-county-pa
213,blanco-county-tx
214,bland-county-va
215,bleckley-county-ga
216,bledsoe-county-tn
217,blount-county-al
218,blount-county-tn
219,blue-earth-county-mn
220,boise-county-id
221,bolivar-county-ms
222,bollinger-county-mo
223,bon-homme-county-sd
224,bond-county-il
225,bonner-county-id
226,bonneville-county-id
227,boone-county-ar
228,boone-county-il
229,boone-county-in
230,boone-county-ia
231,boone-county-ky
232,boone-county-mo
233,boone-county-ne
234,boone-county-wv
235,bosque-county-tx
236,bossier-county-la
237,botetourt-county-va
238,bottineau-county-nd
239,boulder-county-co
240,boundary-county-id
241,bourbon-county-ks
242,bourbon-county-ky
243,bowie-county-tx
244,bowman-county-nd
245,box-butte-county-ne
246,boyd-county-ky
247,boyd-county-ne
248,boyle-county-ky
249,bracken-county-ky
250,bradford-county-fl
251,bradford-county-pa
252,bradley-county-ar
253,bradley-county-tn
254,branch-county-mi
255,brantley-county-ga
256,braxton-county-wv
257,brazoria-county-tx
258,brazos-county-tx
259,breathitt-county-ky
260,breckinridge-county-ky
261,bremer-county-ia
262,brevard-county-fl
263,brewster-county-tx
264,briscoe-county-tx
265,bristol-county-ma
266,bristol-county-ri
267,bristol-county-va
268,broadwater-county-mt
269,brooke-county-wv
270,brookings-county-sd
271,brooks-county-ga
272,brooks-county-tx
273,broome-county-ny
274,broomfield-county-co
275,broward-county-fl
276,brown-county-il
277,brown-county-in
278,brown-county-ks
279,brown-county-mn
280,brown-county-ne
281,brown-county-oh
282,brown-county-sd
283,brown-county-tx
284,brown-county-wi
285,brule-county-sd
286,brunswick-county-nc
287,brunswick-county-va
288,bryan-county-ga
289,bryan-county-ok
290,buchanan-county-ia
291,buchanan-county-mo
292,buchanan-county-va
293,buckingham-county-va
294,bucks-county-pa
295,buena-vista-county-ia
296,buena-vista-county-va
297,buffalo-county-ne
298,buffalo-county-sd
299,buffalo-county-wi
300,bullitt-county-ky
301,bulloch-county-ga
302,bullock-county-al
303,buncombe-county-nc
304,bureau-county-il
305,burke-county-ga
306,burke-county-nc
307,burke-county-nd
308,burleigh-county-nd
309,burleson-county-tx
310,burlington-county-nj
311,burnet-county-tx
312,burnett-county-wi
313,burt-county-ne
314,butler-county-al
315,butler-county-ia
316,butler-county-ks
317,butler-county-ky
318,butler-county-mo
319,butler-county-ne
320,butler-county-oh
321,butler-county-pa
322,butte-county-ca
323,butte-county-sd
324,butts-county-ga
325,cabarrus-county-nc
326,cabell-county-wv
327,caddo-county-la
328,caddo-county-ok
329,calaveras-county-ca
330,calcasieu-county-la
331,caldwell-county-ky
332,caldwell-county-la
333,caldwell-county-mo
334,caldwell-county-nc
335,caldwell-county-tx
336,caledonia-county-vt
337,calhoun-county-al
338,calhoun-county-fl
339,calhoun-county-ga
340,calhoun-county-il
341,calhoun-county-ia
342,calhoun-county-mi
343,calhoun-county-ms
344,calhoun-county-sc
345,calhoun-county-tx
346,calhoun-county-wv
347,callahan-county-tx
348,callaway-county-mo
349,calloway-county-ky
350,calumet-county-wi
351,calvert-county-md
352,camas-county-id
353,cambria-county-pa
354,camden-county-ga
355,camden-county-mo
356,camden-county-nj
357,camden-county-nc
358,cameron-county-la
359,cameron-county-pa
360,cameron-county-tx
361,camp-county-tx
362,campbell-county-ky
363,campbell-county-tn
364,campbell-county-va
365,campbell-county-wy
366,canadian-county-ok
367,candler-county-ga
368,cannon-county-tn
369,canyon-county-id
370,cape-girardeau-county-mo
371,cape-may-county-nj
372,carbon-county-mt
373,carbon-county-pa
374,carbon-county-wy
375,caribou-county-id
376,carlisle-county-ky
377,carlton-county-mn
378,caroline-county-md
379,caroline-county-va
380,carroll-county-ar
381,carroll-county-ga
382,carroll-county-il
383,carroll-county-in
384,carroll-county-ia
385,carroll-county-ky
386,carroll-county-md
387,carroll-county-ms
388,carroll-county-mo
389,carroll-county-nh
390,carroll-county-oh
391,carroll-county-tn
392,carroll-county-va
393,carson-county-tx
394,carson-city-county-nv
395,carter-county-ky
396,carter-county-mo
397,carter-county-ok
398,carter-county-tn
399,carteret-county-nc
400,carver-county-mn
401,cascade-county-mt
402,casey-county-ky
403,cass-county-il
404,cass-county-in
405,cass-county-ia
406,cass-county-mi
407,cass-county-mn
408,cass-county-mo
409,cass-county-ne
410,cass-county-nd
411,cass-county-tx
412,cassia-county-id
413,castro-county-tx
414,caswell-county-nc
415,catahoula-county-la
416,catawba-county-nc
417,catoosa-county-ga
418,catron-county-nm
419,cattaraugus-county-ny
420,cavalier-county-nd
421,cayuga-county-ny
422,cecil-county-md
423,cedar-county-ia
424,cedar-county-mo
425,cedar-county-ne
426,centre-county-pa
427,cerro-gordo-county-ia
428,chaffee-county-co
429,chambers-county-al
430,chambers-county-tx
431,champaign-county-il
432,champaign-county-oh
433,chariton-county-mo
434,charles-county-md
435,charles-city-county-va
436,charles-mix-county-sd
437,charleston-county-sc
438,charlevoix-county-mi
439,charlotte-county-fl
440,charlotte-county-va
441,charlottesville-county-va
442,charlton-county-ga
443,chase-county-ks
444,chase-county-ne
445,chatham-county-ga
446,chatham-county-nc
447,chattahoochee-county-ga
448,chattooga-county-ga
449,chautauqua-county-ks
450,chautauqua-county-ny
451,chaves-county-nm
452,cheatham-county-tn
453,cheboygan-county-mi
454,chelan-county-wa
455,chemung-county-ny
456,chenango-county-ny
457,cherokee-county-al
458,cherokee-county-ga
459,cherokee-county-ia
460,cherokee-county-ks
461,cherokee-county-nc
462,cherokee-county-ok
463,cherokee-county-sc
464,cherokee-county-tx
465,cherry-county-ne
466,chesapeake-county-va
467,cheshire-county-nh
468,chester-county-pa
469,chester-county-sc
470,chester-county-tn
471,chesterfield-county-sc
472,chesterfield-county-va
473,cheyenne-county-co
474,cheyenne-county-ks
475,cheyenne-county-ne
476,chickasaw-county-ia
477,chickasaw-county-ms
478,chicot-county-ar
479,childress-county-tx
480,chilton-county-al
481,chippewa-county-mi
482,chippewa-county-mn
483,chippewa-county-wi
484,chisago-county-mn
485,chittenden-county-vt
486,choctaw-county-al
487,choctaw-county-ms
488,choctaw-county-ok
489,chowan-county-nc
490,christian-county-il
491,christian-county-ky
492,christian-county-mo
493,churchill-county-nv
494,cibola-county-nm
495,cimarron-county-ok
496,citrus-county-fl
497,clackamas-county-or
498,claiborne-county-la
499,claiborne-county-ms
500,claiborne-county-tn
501,clallam-county-wa
502,clare-county-mi
503,clarendon-county-sc
504,clarion-county-pa
505,clark-county-ar
506,clark-county-il
507,clark-county-in
508,clark-county-ks
509,clark-county-ky
510,clark-county-mo
511,clark-county-nv
512,clark-county-oh
513,clark-county-sd
514,clark-county-wa
515,clark-county-wi
516,clarke-county-al
517,clarke-county-ga
518,clarke-county-ia
519,clarke-county-ms
520,clarke-county-va
521,clatsop-county-or
522,clay-county-al
523,clay-county-ar
524,clay-county-fl
525,clay-county-ga
526,clay-county-il
527,clay-county-in
528,clay-county-ia
529,clay-county-ks
530,clay-county-ky
531,clay-county-mn
532,clay-county-ms
533,clay-county-mo
534,clay-county-ne
535,clay-county-nc
536,clay-county-sd
537,clay-county-tn
538,clay-county-tx
539,clay-county-wv
540,clayton-county-ga
541,clayton-county-ia
542,clear-creek-county-co
543,clearfield-county-pa
544,clearwater-county-id
545,clearwater-county-mn
546,cleburne-county-al
547,cleburne-county-ar
548,clermont-county-oh
549,cleveland-county-ar
550,cleveland-county-nc
551,cleveland-county-ok
552,clinch-county-ga
553,clinton-county-il
554,clinton-county-in
555,clinton-county-ia
556,clinton-county-ky
557,clinton-county-mi
558,clinton-county-mo
559,clinton-county-ny
560,clinton-county-oh
561,clinton-county-pa
562,cloud-county-ks
563,coahoma-county-ms
564,coal-county-ok
565,cobb-county-ga
566,cochise-county-az
567,cochran-county-tx
568,cocke-county-tn
569,coconino-county-az
570,codington-county-sd
571,coffee-county-al
572,coffee-county-ga
573,coffee-county-tn
574,coffey-county-ks
575,coke-county-tx
576,colbert-county-al
577,cole-county-mo
578,coleman-county-tx
579,coles-county-il
580,colfax-county-ne
581,colfax-county-nm
582,colleton-county-sc
583,collier-county-fl
584,collin-county-tx
585,collingsworth-county-tx
586,colonial-heights-county-va
587,colorado-county-tx
588,colquitt-county-ga
589,columbia-county-ar
590,columbia-county-fl
591,columbia-county-ga
592,columbia-county-ny
593,columbia-county-or
594,columbia-county-pa
595,columbia-county-wa
596,columbia-county-wi
597,columbiana-county-oh
598,columbus-county-nc
599,colusa-county-ca
600,comal-county-tx
601,comanche-county-ks
602,comanche-county-ok
603,comanche-county-tx
604,concho-county-tx
605,concordia-county-la
606,conecuh-county-al
607,conejos-county-co
608,contra-costa-county-ca
609,converse-county-wy
610,conway-county-ar
611,cook-county-ga
612,cook-county-il
613,cook-county-mn
614,cooke-county-tx
615,cooper-county-mo
616,coos-county-nh
617,coos-county-or
618,coosa-county-al
619,copiah-county-ms
620,corson-county-sd
621,cortland-county-ny
622,coryell-county-tx
623,coshocton-county-oh
624,costilla-county-co
625,cottle-county-tx
626,cotton-county-ok
627,cottonwood-county-mn
628,covington-county-al
629,covington-county-ms
630,covington-county-va
631,coweta-county-ga
632,cowley-county-ks
633,cowlitz-county-wa
634,craig-county-ok
635,craig-county-va
636,craighead-county-ar
637,crane-county-tx
638,craven-county-nc
639,crawford-county-ar
640,crawford-county-ga
641,crawford-county-il
642,crawford-county-in
643,crawford-county-ia
644,crawford-county-ks
645,crawford-county-mi
646,crawford-county-mo
647,crawford-county-oh
648,crawford-county-pa
649,crawford-county-wi
650,creek-county-ok
651,crenshaw-county-al
652,crisp-county-ga
653,crittenden-county-ar
654,crittenden-county-ky
655,crockett-county-tn
656,crockett-county-tx
657,crook-county-or
658,crook-county-wy
659,crosby-county-tx
660,cross-county-ar
661,crow-wing-county-mn
662,crowley-county-co
663,culberson-county-tx
664,cullman-county-al
665,culpeper-county-va
666,cumberland-county-il
667,cumberland-county-ky
668,cumberland-county-me
669,cumberland-county-nj
670,cumberland-county-nc
671,cumberland-county-pa
672,cumberland-county-tn
673,cumberland-county-va
674,cuming-county-ne
675,currituck-county-nc
676,curry-county-nm
677,curry-county-or
678,custer-county-co
679,custer-county-id
680,custer-county-mt
681,custer-county-ne
682,custer-county-ok
683,custer-county-sd
684,cuyahoga-county-oh
685,dade-county-ga
686,dade-county-mo
687,dakota-county-mn
688,dakota-county-ne
689,dale-county-al
690,dallam-county-tx
691,dallas-county-al
692,dallas-county-ar
693,dallas-county-ia
694,dallas-county-mo
695,dallas-county-tx
696,dane-county-wi
697,danville-county-va
698,dare-county-nc
699,darke-county-oh
700,darlington-county-sc
701,dauphin-county-pa
702,davidson-county-nc
703,davidson-county-tn
704,davie-county-nc
705,daviess-county-in
706,daviess-county-ky
707,daviess-county-mo
708,davis-county-ia
709,davis-county-ut
710,davison-county-sd
711,dawes-county-ne
712,dawson-county-ga
713,dawson-county-mt
714,dawson-county-ne
715,dawson-county-tx
716,day-county-sd
717,de-baca-county-nm
718,de-soto-county-la
719,de-witt-county-il
720,dekalb-county-al
721,dekalb-county-ga
722,dekalb-county-il
723,dekalb-county-in
724,dekalb-county-mo
725,dekalb-county-tn
726,desoto-county-fl
727,desoto-county-ms
728,dewitt-county-tx
729,deaf-smith-county-tx
730,dearborn-county-in
731,decatur-county-ga
732,decatur-county-in
733,decatur-county-ia
734,decatur-county-tn
735,deer-lodge-county-mt
736,defiance-county-oh
737,del-norte-county-ca
738,delaware-county-in
739,delaware-county-ia
740,delaware-county-ny
741,delaware-county-oh
742,delaware-county-ok
743,delaware-county-pa
744,delta-county-co
745,delta-county-mi
746,delta-county-tx
747,dent-county-mo
748,denton-county-tx
749,denver-county-co
750,des-moines-county-ia
751,deschutes-county-or
752,desha-county-ar
753,deuel-county-ne
754,deuel-county-sd
755,dewey-county-ok
756,dewey-county-sd
757,dickens-county-tx
758,dickenson-county-va
759,dickey-county-nd
760,dickinson-county-ia
761,dickinson-county-ks
762,dickinson-county-mi
763,dickson-county-tn
764,dillon-county-sc
765,dimmit-county-tx
766,dinwiddie-county-va
767,district-of-columbia-county-dc
768,divide-county-nd
769,dixie-county-fl
770,dixon-county-ne
771,dodge-county-ga
772,dodge-county-mn
773,dodge-county-ne
774,dodge-county-wi
775,dona-ana-county-nm
776,doniphan-county-ks
777,donley-county-tx
778,dooly-county-ga
779,door-county-wi
780,dorchester-county-md
781,dorchester-county-sc
782,dougherty-county-ga
783,douglas-county-co
784,douglas-county-ga
785,douglas-county-il
786,douglas-county-ks
787,douglas-county-mn
788,douglas-county-mo
789,douglas-county-ne
790,douglas-county-nv
791,douglas-county-or
792,douglas-county-sd
793,douglas-county-wa
794,douglas-county-wi
795,drew-county-ar
796,dupage-county-il
797,dubois-county-in
798,dubuque-county-ia
799,dundy-county-ne
800,dunklin-county-mo
801,dunn-county-nd
802,dunn-county-wi
803,duplin-county-nc
804,durham-county-nc
805,dutchess-county-ny
806,duval-county-fl
807,duval-county-tx
808,dyer-county-tn
809,eagle-county-co
810,early-county-ga
811,east-baton-rouge-county-la
812,east-carroll-county-la
813,east-feliciana-county-la
814,eastland-county-tx
815,eaton-county-mi
816,eau-claire-county-wi
817,echols-county-ga
818,ector-county-tx
819,eddy-county-nm
820,eddy-county-nd
821,edgar-county-il
822,edgecombe-county-nc
823,edgefield-county-sc
824,edmonson-county-ky
825,edmunds-county-sd
826,edwards-county-il
827,edwards-county-ks
828,edwards-county-tx
829,effingham-county-ga
830,effingham-county-il
831,el-dorado-county-ca
832,el-paso-county-co
833,el-paso-county-tx
834,elbert-county-co
835,elbert-county-ga
836,elk-county-ks
837,elk-county-pa
838,elkhart-county-in
839,elko-county-nv
840,elliott-county-ky
841,ellis-county-ks
842,ellis-county-ok
843,ellis-county-tx
844,ellsworth-county-ks
845,elmore-county-al
846,elmore-county-id
847,emanuel-county-ga
848,emmet-county-ia
849,emmet-county-mi
850,emmons-county-nd
851,emporia-county-va
852,erath-county-tx
853,erie-county-ny
854,erie-county-oh
855,erie-county-pa
856,escambia-county-al
857,escambia-county-fl
858,esmeralda-county-nv
859,essex-county-ma
860,essex-county-nj
861,essex-county-ny
862,essex-county-vt
863,essex-county-va
864,estill-county-ky
865,etowah-county-al
866,eureka-county-nv
867,evangeline-county-la
868,evans-county-ga
869,fairbanks-north-star-county-ak
870,fairfax-county-va
871,fairfax-city-county-va
872,fairfield-county-ct
873,fairfield-county-oh
874,fairfield-county-sc
875,fall-river-county-sd
876,falls-county-tx
877,falls-church-county-va
878,fannin-county-ga
879,fannin-county-tx
880,faribault-county-mn
881,faulk-county-sd
882,faulkner-county-ar
883,fauquier-county-va
884,fayette-county-al
885,fayette-county-ga
886,fayette-county-il
887,fayette-county-in
888,fayette-county-ia
889,fayette-county-ky
890,fayette-county-oh
891,fayette-county-pa
892,fayette-county-tn
893,fayette-county-tx
894,fayette-county-wv
895,fentress-county-tn
896,fergus-county-mt
897,ferry-county-wa
898,fillmore-county-mn
899,fillmore-county-ne
900,finney-county-ks
901,fisher-county-tx
902,flagler-county-fl
903,flathead-county-mt
904,fleming-county-ky
905,florence-county-sc
906,florence-county-wi
907,floyd-county-ga
908,floyd-county-in
909,floyd-county-ia
910,floyd-county-ky
911,floyd-county-tx
912,floyd-county-va
913,fluvanna-county-va
914,fond-du-lac-county-wi
915,ford-county-il
916,ford-county-ks
917,forest-county-pa
918,forest-county-wi
919,forrest-county-ms
920,forsyth-county-ga
921,forsyth-county-nc
922,fort-bend-county-tx
923,foster-county-nd
924,fountain-county-in
925,franklin-county-al
926,franklin-county-ar
927,franklin-county-fl
928,franklin-county-ga
929,franklin-county-id
930,franklin-county-il
931,franklin-county-in
932,franklin-county-ia
933,franklin-county-ks
934,franklin-county-ky
935,franklin-county-la
936,franklin-county-me
937,franklin-county-ma
938,franklin-county-ms
939,franklin-county-mo
940,franklin-county-ne
941,franklin-county-ny
942,franklin-county-nc
943,franklin-county-oh
944,franklin-county-pa
945,franklin-county-tn
946,franklin-county-tx
947,franklin-county-vt
948,franklin-county-va
949,franklin-county-wa
950,franklin-city-county-va
951,frederick-county-md
952,frederick-county-va
953,fredericksburg-county-va
954,freeborn-county-mn
955,freestone-county-tx
956,fremont-county-co
957,fremont-county-id
958,fremont-county-ia
959,fremont-county-wy
960,fresno-county-ca
961,frio-county-tx
962,frontier-county-ne
963,fulton-county-ar
964,fulton-county-ga
965,fulton-county-il
966,fulton-county-in
967,fulton-county-ky
968,fulton-county-ny
969,fulton-county-oh
970,fulton-county-pa
971,furnas-county-ne
972,gadsden-county-fl
973,gage-county-ne
974,gaines-county-tx
975,galax-county-va
976,gallatin-county-il
977,gallatin-county-ky
978,gallatin-county-mt
979,gallia-county-oh
980,galveston-county-tx
981,garden-county-ne
982,garfield-county-co
983,garfield-county-ne
984,garfield-county-ok
985,garfield-county-wa
986,garland-county-ar
987,garrard-county-ky
988,garrett-county-md
989,garvin-county-ok
990,garza-county-tx
991,gasconade-county-mo
992,gaston-county-nc
993,gates-county-nc
994,geary-county-ks
995,geauga-county-oh
996,gem-county-id
997,genesee-county-mi
998,genesee-county-ny
999,geneva-county-al
1000,gentry-county-mo
1001,george-county-ms
1002,georgetown-county-sc
1003,gibson-county-in
1004,gibson-county-tn
1005,gila-county-az
1006,gilchrist-county-fl
1007,giles-county-tn
1008,giles-county-va
1009,gillespie-county-tx
1010,gilliam-county-or
1011,gilmer-county-ga
1012,gilmer-county-wv
1013,gilpin-county-co
1014,glacier-county-mt
1015,glades-county-fl
1016,gladwin-county-mi
1017,glascock-county-ga
1018,glasscock-county-tx
1019,glenn-county-ca
1020,gloucester-county-nj
1021,gloucester-county-va
1022,glynn-county-ga
1023,gogebic-county-mi
1024,golden-valley-county-mt
1025,goliad-county-tx
1026,gonzales-county-tx
1027,goochland-county-va
1028,goodhue-county-mn
1029,gooding-county-id
1030,gordon-county-ga
1031,goshen-county-wy
1032,gosper-county-ne
1033,gove-county-ks
1034,grady-county-ga
1035,grady-county-ok
1036,grafton-county-nh
1037,graham-county-az
1038,graham-county-nc
1039,grainger-county-tn
1040,grand-county-co
1041,grand-forks-county-nd
1042,grand-isle-county-vt
1043,grand-traverse-county-mi
1044,granite-county-mt
1045,grant-county-ar
1046,grant-county-in
1047,grant-county-ks
1048,grant-county-ky
1049,grant-county-la
1050,grant-county-mn
1051,grant-county-ne
1052,grant-county-nm
1053,grant-county-nd
1054,grant-county-ok
1055,grant-county-or
1056,grant-county-sd
1057,grant-county-wa
1058,grant-county-wv
1059,grant-county-wi
1060,granville-county-nc
1061,gratiot-county-mi
1062,graves-county-ky
1063,gray-county-ks
1064,gray-county-tx
1065,grays-harbor-county-wa
1066,grayson-county-ky
1067,grayson-county-tx
1068,grayson-county-va
1069,greeley-county-ne
1070,green-county-ky
1071,green-county-wi
1072,green-lake-county-wi
1073,greenbrier-county-wv
1074,greene-county-al
1075,greene-county-ar
1076,greene-county-ga
1077,greene-county-il
1078,greene-county-in
1079,greene-county-ia
1080,greene-county-ms
1081,greene-county-mo
1082,greene-county-ny
1083,greene-county-nc
1084,greene-county-oh
1085,greene-county-pa
1086,greene-county-tn
1087,greene-county-va
1088,greenlee-county-az
1089,greensville-county-va
1090,greenup-county-ky
1091,greenville-county-sc
1092,greenwood-county-ks
1093,greenwood-county-sc
1094,greer-county-ok
1095,gregg-county-tx
1096,gregory-county-sd
1097,grenada-county-ms
1098,griggs-county-nd
1099,grimes-county-tx
1100,grundy-county-il
1101,grundy-county-ia
1102,grundy-county-mo
1103,grundy-county-tn
1104,guadalupe-county-nm
1105,guadalupe-county-tx
1106,guernsey-county-oh
1107,guilford-county-nc
1108,gulf-county-fl
1109,gunnison-county-co
1110,guthrie-county-ia
1111,gwinnett-county-ga
1112,habersham-county-ga
1113,haines-county-ak
1114,hale-county-al
1115,hale-county-tx
1116,halifax-county-nc
1117,halifax-county-va
1118,hall-county-ga
1119,hall-county-ne
1120,hall-county-tx
1121,hamblen-county-tn
1122,hamilton-county-fl
1123,hamilton-county-il
1124,hamilton-county-in
1125,hamilton-county-ia
1126,hamilton-county-ks
1127,hamilton-county-ne
1128,hamilton-county-ny
1129,hamilton-county-oh
1130,hamilton-county-tn
1131,hamilton-county-tx
1132,hamlin-county-sd
1133,hampden-county-ma
1134,hampshire-county-ma
1135,hampshire-county-wv
1136,hampton-county-sc
1137,hampton-county-va
1138,hancock-county-ga
1139,hancock-county-il
1140,hancock-county-in
1141,hancock-county-ia
1142,hancock-county-ky
1143,hancock-county-me
1144,hancock-county-ms
1145,hancock-county-oh
1146,hancock-county-tn
1147,hancock-county-wv
1148,hand-county-sd
1149,hanover-county-va
1150,hansford-county-tx
1151,hanson-county-sd
1152,haralson-county-ga
1153,hardee-county-fl
1154,hardeman-county-tn
1155,hardeman-county-tx
1156,hardin-county-il
1157,hardin-county-ia
1158,hardin-county-ky
1159,hardin-county-oh
1160,hardin-county-tn
1161,hardin-county-tx
1162,harding-county-nm
1163,hardy-county-wv
1164,harford-county-md
1165,harlan-county-ky
1166,harlan-county-ne
1167,harmon-county-ok
1168,harnett-county-nc
1169,harney-county-or
1170,harper-county-ks
1171,harper-county-ok
1172,harris-county-ga
1173,harris-county-tx
1174,harrison-county-in
1175,harrison-county-ia
1176,harrison-county-ky
1177,harrison-county-ms
1178,harrison-county-mo
1179,harrison-county-oh
1180,harrison-county-tx
1181,harrison-county-wv
1182,harrisonburg-county-va
1183,hart-county-ga
1184,hart-county-ky
1185,hartford-county-ct
1186,hartley-county-tx
1187,harvey-county-ks
1188,haskell-county-ks
1189,haskell-county-ok
1190,haskell-county-tx
1191,hawaii-county-hi
1192,hawkins-county-tn
1193,hayes-county-ne
1194,hays-county-tx
1195,haywood-county-nc
1196,haywood-county-tn
1197,heard-county-ga
1198,hemphill-county-tx
1199,hempstead-county-ar
1200,henderson-county-il
1201,henderson-county-ky
1202,henderson-county-nc
1203,henderson-county-tn
1204,henderson-county-tx
1205,hendricks-county-in
1206,hendry-county-fl
1207,hennepin-county-mn
1208,henrico-county-va
1209,henry-county-al
1210,henry-county-ga
1211,henry-county-il
1212,henry-county-in
1213,henry-county-ia
1214,henry-county-ky
1215,henry-county-mo
1216,henry-county-oh
1217,henry-county-tn
1218,henry-county-va
1219,herkimer-county-ny
1220,hernando-county-fl
1221,hertford-county-nc
1222,hettinger-county-nd
1223,hickman-county-ky
1224,hickman-county-tn
1225,hidalgo-county-nm
1226,hidalgo-county-tx
1227,highland-county-oh
1228,highland-county-va
1229,highlands-county-fl
1230,hill-county-mt
1231,hill-county-tx
1232,hillsborough-county-fl
1233,hillsborough-county-nh
1234,hillsdale-county-mi
1235,hinds-county-ms
1236,hinsdale-county-co
1237,hitchcock-county-ne
1238,hocking-county-oh
1239,hockley-county-tx
1240,hodgeman-county-ks
1241,hoke-county-nc
1242,holmes-county-fl
1243,holmes-county-ms
1244,holmes-county-oh
1245,holt-county-mo
1246,holt-county-ne
1247,honolulu-county-hi
1248,hood-county-tx
1249,hood-river-county-or
1250,hooker-county-ne
1251,hopewell-county-va
1252,hopkins-county-ky
1253,hopkins-county-tx
1254,horry-county-sc
1255,hot-spring-county-ar
1256,hot-springs-county-wy
1257,houghton-county-mi
1258,houston-county-al
1259,houston-county-ga
1260,houston-county-mn
1261,houston-county-tn
1262,houston-county-tx
1263,howard-county-ar
1264,howard-county-in
1265,howard-county-ia
1266,howard-county-md
1267,howard-county-mo
1268,howard-county-ne
1269,howard-county-tx
1270,howell-county-mo
1271,hubbard-county-mn
1272,hudson-county-nj
1273,hudspeth-county-tx
1274,huerfano-county-co
1275,hughes-county-ok
1276,hughes-county-sd
1277,humboldt-county-ca
1278,humboldt-county-ia
1279,humboldt-county-nv
1280,humphreys-county-ms
1281,humphreys-county-tn
1282,hunt-county-tx
1283,hunterdon-county-nj
1284,huntingdon-county-pa
1285,huntington-county-in
1286,huron-county-mi
1287,huron-county-oh
1288,hutchinson-county-sd
1289,hutchinson-county-tx
1290,hyde-county-nc
1291,hyde-county-sd
1292,iberia-county-la
1293,iberville-county-la
1294,ida-county-ia
1295,idaho-county-id
1296,imperial-county-ca
1297,independence-county-ar
1298,indian-river-county-fl
1299,indiana-county-pa
1300,ingham-county-mi
1301,inyo-county-ca
1302,ionia-county-mi
1303,iosco-county-mi
1304,iowa-county-ia
1305,iowa-county-wi
1306,iredell-county-nc
1307,irion-county-tx
1308,iron-county-mi
1309,iron-county-mo
1310,iron-county-wi
1311,iroquois-county-il
1312,irwin-county-ga
1313,isabella-county-mi
1314,isanti-county-mn
1315,island-county-wa
1316,isle-of-wight-county-va
1317,issaquena-county-ms
1318,itasca-county-mn
1319,itawamba-county-ms
1320,izard-county-ar
1321,jack-county-tx
1322,jackson-county-al
1323,jackson-county-ar
1324,jackson-county-co
1325,jackson-county-fl
1326,jackson-county-ga
1327,jackson-county-il
1328,jackson-county-in
1329,jackson-county-ia
1330,jackson-county-ks
1331,jackson-county-ky
1332,jackson-county-la
1333,jackson-county-mi
1334,jackson-county-mn
1335,jackson-county-ms
1336,jackson-county-mo
1337,jackson-county-nc
1338,jackson-county-oh
1339,jackson-county-ok
1340,jackson-county-or
1341,jackson-county-sd
1342,jackson-county-tn
1343,jackson-county-tx
1344,jackson-county-wv
1345,jackson-county-wi
1346,james-city-county-va
1347,jasper-county-ga
1348,jasper-county-il
1349,jasper-county-in
1350,jasper-county-ia
1351,jasper-county-ms
1352,jasper-county-mo
1353,jasper-county-sc
1354,jasper-county-tx
1355,jay-county-in
1356,jeff-davis-county-ga
1357,jeff-davis-county-tx
1358,jefferson-county-al
1359,jefferson-county-ar
1360,jefferson-county-co
1361,jefferson-county-fl
1362,jefferson-county-ga
1363,jefferson-county-id
1364,jefferson-county-il
1365,jefferson-county-in
1366,jefferson-county-ia
1367,jefferson-county-ks
1368,jefferson-county-ky
1369,jefferson-county-la
1370,jefferson-county-ms
1371,jefferson-county-mo
1372,jefferson-county-mt
1373,jefferson-county-ne
1374,jefferson-county-ny
1375,jefferson-county-oh
1376,jefferson-county-ok
1377,jefferson-county-or
1378,jefferson-county-pa
1379,jefferson-county-tn
1380,jefferson-county-tx
1381,jefferson-county-wa
1382,jefferson-county-wv
1383,jefferson-county-wi
1384,jefferson-davis-county-la
1385,jefferson-davis-county-ms
1386,jenkins-county-ga
1387,jennings-county-in
1388,jerauld-county-sd
1389,jerome-county-id
1390,jersey-county-il
1391,jessamine-county-ky
1392,jewell-county-ks
1393,jim-hogg-county-tx
1394,jim-wells-county-tx
1395,jo-daviess-county-il
1396,johnson-county-ar
1397,johnson-county-ga
1398,johnson-county-il
1399,johnson-county-in
1400,johnson-county-ia
1401,johnson-county-ks
1402,johnson-county-ky
1403,johnson-county-mo
1404,johnson-county-ne
1405,johnson-county-tn
1406,johnson-county-tx
1407,johnson-county-wy
1408,johnston-county-nc
1409,johnston-county-ok
1410,jones-county-ga
1411,jones-county-ia
1412,jones-county-ms
1413,jones-county-nc
1414,jones-county-tx
1415,josephine-county-or
1416,juneau-county-ak
1417,juneau-county-wi
1418,juniata-county-pa
1419,kalamazoo-county-mi
1420,kalkaska-county-mi
1421,kanabec-county-mn
1422,kanawha-county-wv
1423,kandiyohi-county-mn
1424,kane-county-il
1425,kankakee-county-il
1426,karnes-county-tx
1427,kauai-county-hi
1428,kaufman-county-tx
1429,kay-county-ok
1430,kearney-county-ne
1431,kearny-county-ks
1432,keith-county-ne
1433,kemper-county-ms
1434,kenai-peninsula-county-ak
1435,kendall-county-il
1436,kendall-county-tx
1437,kennebec-county-me
1438,kenosha-county-wi
1439,kent-county-de
1440,kent-county-md
1441,kent-county-mi
1442,kent-county-ri
1443,kenton-county-ky
1444,keokuk-county-ia
1445,kern-county-ca
1446,kerr-county-tx
1447,kershaw-county-sc
1448,ketchikan-gateway-county-ak
1449,kewaunee-county-wi
1450,keweenaw-county-mi
1451,keya-paha-county-ne
1452,kidder-county-nd
1453,kimball-county-ne
1454,kimble-county-tx
1455,king-county-wa
1456,king-george-county-va
1457,king-william-county-va
1458,king-and-queen-county-va
1459,kingfisher-county-ok
1460,kings-county-ca
1461,kingsbury-county-sd
1462,kinney-county-tx
1463,kiowa-county-ks
1464,kiowa-county-ok
1465,kit-carson-county-co
1466,kitsap-county-wa
1467,kittitas-county-wa
1468,kittson-county-mn
1469,klamath-county-or
1470,kleberg-county-tx
1471,klickitat-county-wa
1472,knott-county-ky
1473,knox-county-il
1474,knox-county-in
1475,knox-county-ky
1476,knox-county-me
1477,knox-county-mo
1478,knox-county-ne
1479,knox-county-oh
1480,knox-county-tn
1481,knox-county-tx
1482,kodiak-island-county-ak
1483,koochiching-county-mn
1484,kootenai-county-id
1485,kosciusko-county-in
1486,kossuth-county-ia
1487,la-crosse-county-wi
1488,la-paz-county-az
1489,la-plata-county-co
1490,la-salle-county-tx
1491,lagrange-county-in
1492,lamoure-county-nd
1493,laporte-county-in
1494,lasalle-county-il
1495,lasalle-county-la
1496,labette-county-ks
1497,lac-qui-parle-county-mn
1498,lackawanna-county-pa
1499,laclede-county-mo
1500,lafayette-county-ar
1501,lafayette-county-fl
1502,lafayette-county-la
1503,lafayette-county-ms
1504,lafayette-county-mo
1505,lafayette-county-wi
1506,lafourche-county-la
1507,lake-county-ca
1508,lake-county-co
1509,lake-county-fl
1510,lake-county-il
1511,lake-county-in
1512,lake-county-mi
1513,lake-county-mn
1514,lake-county-mt
1515,lake-county-oh
1516,lake-county-or
1517,lake-county-sd
1518,lake-county-tn
1519,lake-of-the-woods-county-mn
1520,lamar-county-al
1521,lamar-county-ga
1522,lamar-county-ms
1523,lamar-county-tx
1524,lamb-county-tx
1525,lamoille-county-vt
1526,lampasas-county-tx
1527,lancaster-county-ne
1528,lancaster-county-pa
1529,lancaster-county-sc
1530,lancaster-county-va
1531,lander-county-nv
1532,lane-county-ks
1533,lane-county-or
1534,langlade-county-wi
1535,lanier-county-ga
1536,lapeer-county-mi
1537,laramie-county-wy
1538,larimer-county-co
1539,larue-county-ky
1540,las-animas-county-co
1541,lassen-county-ca
1542,latah-county-id
1543,latimer-county-ok
1544,lauderdale-county-al
1545,lauderdale-county-ms
1546,lauderdale-county-tn
1547,laurel-county-ky
1548,laurens-county-ga
1549,laurens-county-sc
1550,lavaca-county-tx
1551,lawrence-county-al
1552,lawrence-county-ar
1553,lawrence-county-il
1554,lawrence-county-in
1555,lawrence-county-ky
1556,lawrence-county-ms
1557,lawrence-county-mo
1558,lawrence-county-oh
1559,lawrence-county-pa
1560,lawrence-county-sd
1561,lawrence-county-tn
1562,le-flore-county-ok
1563,le-sueur-county-mn
1564,lea-county-nm
1565,leake-county-ms
1566,leavenworth-county-ks
1567,lebanon-county-pa
1568,lee-county-al
1569,lee-county-ar
1570,lee-county-fl
1571,lee-county-ga
1572,lee-county-il
1573,lee-county-ia
1574,lee-county-ky
1575,lee-county-ms
1576,lee-county-nc
1577,lee-county-sc
1578,lee-county-tx
1579,lee-county-va
1580,leelanau-county-mi
1581,leflore-county-ms
1582,lehigh-county-pa
1583,lemhi-county-id
1584,lenawee-county-mi
1585,lenoir-county-nc
1586,leon-county-fl
1587,leon-county-tx
1588,leslie-county-ky
1589,letcher-county-ky
1590,levy-county-fl
1591,lewis-county-id
1592,lewis-county-ky
1593,lewis-county-mo
1594,lewis-county-ny
1595,lewis-county-tn
1596,lewis-county-wa
1597,lewis-county-wv
1598,lewis-and-clark-county-mt
1599,lexington-county-sc
1600,lexington-county-va
1601,liberty-county-fl
1602,liberty-county-ga
1603,liberty-county-mt
1604,liberty-county-tx
1605,licking-county-oh
1606,limestone-county-al
1607,limestone-county-tx
1608,lincoln-county-ar
1609,lincoln-county-co
1610,lincoln-county-ga
1611,lincoln-county-id
1612,lincoln-county-ks
1613,lincoln-county-ky
1614,lincoln-county-la
1615,lincoln-county-me
1616,lincoln-county-mn
1617,lincoln-county-ms
1618,lincoln-county-mo
1619,lincoln-county-mt
1620,lincoln-county-ne
1621,lincoln-county-nv
1622,lincoln-county-nm
1623,lincoln-county-nc
1624,lincoln-county-ok
1625,lincoln-county-or
1626,lincoln-county-sd
1627,lincoln-county-tn
1628,lincoln-county-wa
1629,lincoln-county-wv
1630,lincoln-county-wi
1631,lincoln-county-wy
1632,linn-county-ia
1633,linn-county-ks
1634,linn-county-mo
1635,linn-county-or
1636,lipscomb-county-tx
1637,litchfield-county-ct
1638,little-river-county-ar
1639,live-oak-county-tx
1640,livingston-county-il
1641,livingston-county-ky
1642,livingston-county-la
1643,livingston-county-mi
1644,livingston-county-mo
1645,livingston-county-ny
1646,llano-county-tx
1647,logan-county-ar
1648,logan-county-co
1649,logan-county-il
1650,logan-county-ks
1651,logan-county-ky
1652,logan-county-ne
1653,logan-county-oh
1654,logan-county-ok
1655,logan-county-wv
1656,long-county-ga
1657,lonoke-county-ar
1658,lorain-county-oh
1659,los-alamos-county-nm
1660,los-angeles-county-ca
1661,loudon-county-tn
1662,loudoun-county-va
1663,louisa-county-ia
1664,louisa-county-va
1665,loup-county-ne
1666,love-county-ok
1667,lowndes-county-al
1668,lowndes-county-ga
1669,lowndes-county-ms
1670,lubbock-county-tx
1671,lucas-county-ia
1672,lucas-county-oh
1673,luce-county-mi
1674,lumpkin-county-ga
1675,luna-county-nm
1676,lunenburg-county-va
1677,luzerne-county-pa
1678,lycoming-county-pa
1679,lyman-county-sd
1680,lynchburg-county-va
1681,lynn-county-tx
1682,lyon-county-ia
1683,lyon-county-ks
1684,lyon-county-ky
1685,lyon-county-mn
1686,lyon-county-nv
1687,mackinac-county-mi
1688,macomb-county-mi
1689,macon-county-al
1690,macon-county-ga
1691,macon-county-il
1692,macon-county-mo
1693,macon-county-nc
1694,macon-county-tn
1695,macoupin-county-il
1696,madera-county-ca
1697,madison-county-al
1698,madison-county-ar
1699,madison-county-fl
1700,madison-county-ga
1701,madison-county-id
1702,madison-county-il
1703,madison-county-in
1704,madison-county-ia
1705,madison-county-ky
1706,madison-county-la
1707,madison-county-ms
1708,madison-county-mo
1709,madison-county-mt
1710,madison-county-ne
1711,madison-county-ny
1712,madison-county-nc
1713,madison-county-oh
1714,madison-county-tn
1715,madison-county-tx
1716,madison-county-va
1717,magoffin-county-ky
1718,mahaska-county-ia
1719,mahnomen-county-mn
1720,mahoning-county-oh
1721,major-county-ok
1722,malheur-county-or
1723,manassas-county-va
1724,manassas-park-county-va
1725,manatee-county-fl
1726,manistee-county-mi
1727,manitowoc-county-wi
1728,marathon-county-wi
1729,marengo-county-al
1730,maricopa-county-az
1731,maries-county-mo
1732,marin-county-ca
1733,marinette-county-wi
1734,marion-county-al
1735,marion-county-ar
1736,marion-county-fl
1737,marion-county-ga
1738,marion-county-il
1739,marion-county-in
1740,marion-county-ia
1741,marion-county-ks
1742,marion-county-ky
1743,marion-county-ms
1744,marion-county-mo
1745,marion-county-oh
1746,marion-county-or
1747,marion-county-sc
1748,marion-county-tn
1749,marion-county-tx
1750,marion-county-wv
1751,mariposa-county-ca
1752,marlboro-county-sc
1753,marquette-county-mi
1754,marquette-county-wi
1755,marshall-county-al
1756,marshall-county-il
1757,marshall-county-in
1758,marshall-county-ia
1759,marshall-county-ks
1760,marshall-county-ky
1761,marshall-county-mn
1762,marshall-county-ms
1763,marshall-county-ok
1764,marshall-county-sd
1765,marshall-county-tn
1766,marshall-county-wv
1767,martin-county-fl
1768,martin-county-in
1769,martin-county-ky
1770,martin-county-mn
1771,martin-county-nc
1772,martin-county-tx
1773,martinsville-county-va
1774,mason-county-il
1775,mason-county-ky
1776,mason-county-mi
1777,mason-county-tx
1778,mason-county-wa
1779,mason-county-wv
1780,massac-county-il
1781,matagorda-county-tx
1782,matanuska-susitna-county-ak
1783,mathews-county-va
1784,maui-county-hi
1785,maury-county-tn
1786,maverick-county-tx
1787,mayes-county-ok
1788,mcclain-county-ok
1789,mccook-county-sd
1790,mccormick-county-sc
1791,mccracken-county-ky
1792,mccreary-county-ky
1793,mcculloch-county-tx
1794,mccurtain-county-ok
1795,mcdonald-county-mo
1796,mcdonough-county-il
1797,mcdowell-county-nc
1798,mcdowell-county-wv
1799,mcduffie-county-ga
1800,mchenry-county-il
1801,mchenry-county-nd
1802,mcintosh-county-ga
1803,mcintosh-county-nd
1804,mcintosh-county-ok
1805,mckean-county-pa
1806,mckenzie-county-nd
1807,mckinley-county-nm
1808,mclean-county-il
1809,mclean-county-ky
1810,mclean-county-nd
1811,mclennan-county-tx
1812,mcleod-county-mn
1813,mcminn-county-tn
1814,mcnairy-county-tn
1815,mcpherson-county-ks
1816,mcpherson-county-ne
1817,mcpherson-county-sd
1818,meade-county-ks
1819,meade-county-ky
1820,meade-county-sd
1821,meagher-county-mt
1822,mecklenburg-county-nc
1823,mecklenburg-county-va
1824,mecosta-county-mi
1825,medina-county-oh
1826,medina-county-tx
1827,meeker-county-mn
1828,meigs-county-oh
1829,meigs-county-tn
1830,mellette-county-sd
1831,menard-county-il
1832,menard-county-tx
1833,mendocino-county-ca
1834,menifee-county-ky
1835,menominee-county-mi
1836,menominee-county-wi
1837,merced-county-ca
1838,mercer-county-il
1839,mercer-county-ky
1840,mercer-county-mo
1841,mercer-county-nj
1842,mercer-county-nd
1843,mercer-county-oh
1844,mercer-county-pa
1845,mercer-county-wv
1846,meriwether-county-ga
1847,merrick-county-ne
1848,merrimack-county-nh
1849,mesa-county-co
1850,metcalfe-county-ky
1851,miami-county-in
1852,miami-county-ks
1853,miami-county-oh
1854,miami-dade-county-fl
1855,middlesex-county-ct
1856,middlesex-county-ma
1857,middlesex-county-nj
1858,middlesex-county-va
1859,midland-county-mi
1860,midland-county-tx
1861,mifflin-county-pa
1862,milam-county-tx
1863,mille-lacs-county-mn
1864,miller-county-ar
1865,miller-county-ga
1866,miller-county-mo
1867,mills-county-ia
1868,mills-county-tx
1869,milwaukee-county-wi
1870,miner-county-sd
1871,mineral-county-co
1872,mineral-county-nv
1873,mineral-county-wv
1874,mingo-county-wv
1875,minidoka-county-id
1876,minnehaha-county-sd
1877,missaukee-county-mi
1878,mississippi-county-ar
1879,mississippi-county-mo
1880,missoula-county-mt
1881,mitchell-county-ga
1882,mitchell-county-ia
1883,mitchell-county-ks
1884,mitchell-county-nc
1885,mitchell-county-tx
1886,mobile-county-al
1887,moffat-county-co
1888,mohave-county-az
1889,moniteau-county-mo
1890,monmouth-county-nj
1891,mono-county-ca
1892,monona-county-ia
1893,monongalia-county-wv
1894,monroe-county-al
1895,monroe-county-ar
1896,monroe-county-fl
1897,monroe-county-ga
1898,monroe-county-il
1899,monroe-county-in
1900,monroe-county-ia
1901,monroe-county-ky
1902,monroe-county-mi
1903,monroe-county-ms
1904,monroe-county-mo
1905,monroe-county-ny
1906,monroe-county-oh
1907,monroe-county-pa
1908,monroe-county-tn
1909,monroe-county-wv
1910,monroe-county-wi
1911,montague-county-tx
1912,montcalm-county-mi
1913,monterey-county-ca
1914,montezuma-county-co
1915,montgomery-county-al
1916,montgomery-county-ar
1917,montgomery-county-ga
1918,montgomery-county-il
1919,montgomery-county-in
1920,montgomery-county-ia
1921,montgomery-county-ks
1922,montgomery-county-ky
1923,montgomery-county-md
1924,montgomery-county-ms
1925,montgomery-county-mo
1926,montgomery-county-ny
1927,montgomery-county-nc
1928,montgomery-county-oh
1929,montgomery-county-pa
1930,montgomery-county-tn
1931,montgomery-county-tx
1932,montgomery-county-va
1933,montmorency-county-mi
1934,montour-county-pa
1935,montrose-county-co
1936,moody-county-sd
1937,moore-county-nc
1938,moore-county-tn
1939,moore-county-tx
1940,morehouse-county-la
1941,morgan-county-al
1942,morgan-county-co
1943,morgan-county-ga
1944,morgan-county-il
1945,morgan-county-in
1946,morgan-county-ky
1947,morgan-county-mo
1948,morgan-county-oh
1949,morgan-county-tn
1950,morgan-county-wv
1951,morrill-county-ne
1952,morris-county-ks
1953,morris-county-nj
1954,morris-county-tx
1955,morrison-county-mn
1956,morrow-county-oh
1957,morrow-county-or
1958,morton-county-ks
1959,morton-county-nd
1960,motley-county-tx
1961,moultrie-county-il
1962,mountrail-county-nd
1963,mower-county-mn
1964,muhlenberg-county-ky
1965,multnomah-county-or
1966,murray-county-ga
1967,murray-county-mn
1968,murray-county-ok
1969,muscatine-county-ia
1970,muscogee-county-ga
1971,muskegon-county-mi
1972,muskingum-county-oh
1973,muskogee-county-ok
1974,musselshell-county-mt
1975,nacogdoches-county-tx
1976,nance-county-ne
1977,napa-county-ca
1978,nash-county-nc
1979,nassau-county-fl
1980,nassau-county-ny
1981,natchitoches-county-la
1982,natrona-county-wy
1983,navajo-county-az
1984,navarro-county-tx
1985,nelson-county-ky
1986,nelson-county-nd
1987,nelson-county-va
1988,nemaha-county-ks
1989,nemaha-county-ne
1990,neosho-county-ks
1991,neshoba-county-ms
1992,ness-county-ks
1993,nevada-county-ar
1994,nevada-county-ca
1995,new-castle-county-de
1996,new-hanover-county-nc
1997,new-haven-county-ct
1998,new-kent-county-va
1999,new-london-county-ct
2000,new-madrid-county-mo
2001,new-york-city-county-ny
2002,newaygo-county-mi
2003,newberry-county-sc
2004,newport-county-ri
2005,newport-news-county-va
2006,newton-county-ar
2007,newton-county-ga
2008,newton-county-in
2009,newton-county-ms
2010,newton-county-mo
2011,newton-county-tx
2012,nez-perce-county-id
2013,niagara-county-ny
2014,nicholas-county-ky
2015,nicholas-county-wv
2016,nicollet-county-mn
2017,niobrara-county-wy
2018,noble-county-in
2019,noble-county-oh
2020,noble-county-ok
2021,nobles-county-mn
2022,nodaway-county-mo
2023,nolan-county-tx
2024,nome-county-ak
2025,norfolk-county-ma
2026,norfolk-county-va
2027,norman-county-mn
2028,north-slope-county-ak
2029,northampton-county-nc
2030,northampton-county-pa
2031,northampton-county-va
2032,northumberland-county-pa
2033,northumberland-county-va
2034,northwest-arctic-county-ak
2035,norton-county-ks
2036,norton-county-va
2037,nottoway-county-va
2038,nowata-county-ok
2039,noxubee-county-ms
2040,nuckolls-county-ne
2041,nueces-county-tx
2042,nye-county-nv
2043,o'brien-county-ia
2044,oakland-county-mi
2045,obion-county-tn
2046,ocean-county-nj
2047,oceana-county-mi
2048,ochiltree-county-tx
2049,oconee-county-ga
2050,oconee-county-sc
2051,oconto-county-wi
2052,ogemaw-county-mi
2053,oglala-lakota-county-sd
2054,ogle-county-il
2055,oglethorpe-county-ga
2056,ohio-county-in
2057,ohio-county-ky
2058,ohio-county-wv
2059,okaloosa-county-fl
2060,okanogan-county-wa
2061,okeechobee-county-fl
2062,okfuskee-county-ok
2063,oklahoma-county-ok
2064,okmulgee-county-ok
2065,oktibbeha-county-ms
2066,oldham-county-ky
2067,oldham-county-tx
2068,oliver-county-nd
2069,olmsted-county-mn
2070,oneida-county-id
2071,oneida-county-ny
2072,oneida-county-wi
2073,onondaga-county-ny
2074,onslow-county-nc
2075,ontario-county-ny
2076,orange-county-ca
2077,orange-county-fl
2078,orange-county-in
2079,orange-county-ny
2080,orange-county-nc
2081,orange-county-tx
2082,orange-county-vt
2083,orange-county-va
2084,orangeburg-county-sc
2085,oregon-county-mo
2086,orleans-county-la
2087,orleans-county-ny
2088,orleans-county-vt
2089,osage-county-ks
2090,osage-county-mo
2091,osage-county-ok
2092,osborne-county-ks
2093,osceola-county-fl
2094,osceola-county-ia
2095,osceola-county-mi
2096,oscoda-county-mi
2097,oswego-county-ny
2098,otero-county-co
2099,otero-county-nm
2100,otoe-county-ne
2101,otsego-county-mi
2102,otsego-county-ny
2103,ottawa-county-ks
2104,ottawa-county-mi
2105,ottawa-county-oh
2106,ottawa-county-ok
2107,otter-tail-county-mn
2108,ouachita-county-ar
2109,ouachita-county-la
2110,ouray-county-co
2111,out-of-al-county-al
2112,out-of-ga-county-ga
2113,out-of-hi-county-hi
2114,out-of-il-county-il
2115,out-of-mi-county-mi
2116,out-of-ok-county-ok
2117,out-of-tn-county-tn
2118,outagamie-county-wi
2119,overton-county-tn
2120,owen-county-in
2121,owen-county-ky
2122,owsley-county-ky
2123,owyhee-county-id
2124,oxford-county-me
2125,ozark-county-mo
2126,ozaukee-county-wi
2127,pacific-county-wa
2128,page-county-ia
2129,page-county-va
2130,palm-beach-county-fl
2131,palo-alto-county-ia
2132,palo-pinto-county-tx
2133,pamlico-county-nc
2134,panola-county-ms
2135,panola-county-tx
2136,park-county-co
2137,park-county-mt
2138,park-county-wy
2139,parke-county-in
2140,parker-county-tx
2141,parmer-county-tx
2142,pasco-county-fl
2143,pasquotank-county-nc
2144,passaic-county-nj
2145,patrick-county-va
2146,paulding-county-ga
2147,paulding-county-oh
2148,pawnee-county-ks
2149,pawnee-county-ne
2150,pawnee-county-ok
2151,payette-county-id
2152,payne-county-ok
2153,peach-county-ga
2154,pearl-river-county-ms
2155,pecos-county-tx
2156,pembina-county-nd
2157,pemiscot-county-mo
2158,pend-oreille-county-wa
2159,pender-county-nc
2160,pendleton-county-ky
2161,pendleton-county-wv
2162,pennington-county-mn
2163,pennington-county-sd
2164,penobscot-county-me
2165,peoria-county-il
2166,pepin-county-wi
2167,perkins-county-ne
2168,perquimans-county-nc
2169,perry-county-al
2170,perry-county-ar
2171,perry-county-il
2172,perry-county-in
2173,perry-county-ky
2174,perry-county-ms
2175,perry-county-mo
2176,perry-county-oh
2177,perry-county-pa
2178,perry-county-tn
2179,pershing-county-nv
2180,person-county-nc
2181,petersburg-county-ak
2182,petersburg-county-va
2183,pettis-county-mo
2184,phelps-county-mo
2185,phelps-county-ne
2186,philadelphia-county-pa
2187,phillips-county-ar
2188,phillips-county-co
2189,phillips-county-ks
2190,piatt-county-il
2191,pickaway-county-oh
2192,pickens-county-al
2193,pickens-county-ga
2194,pickens-county-sc
2195,pickett-county-tn
2196,pierce-county-ga
2197,pierce-county-ne
2198,pierce-county-nd
2199,pierce-county-wa
2200,pierce-county-wi
2201,pike-county-al
2202,pike-county-ar
2203,pike-county-ga
2204,pike-county-il
2205,pike-county-in
2206,pike-county-ky
2207,pike-county-ms
2208,pike-county-mo
2209,pike-county-oh
2210,pike-county-pa
2211,pima-county-az
2212,pinal-county-az
2213,pine-county-mn
2214,pinellas-county-fl
2215,pipestone-county-mn
2216,piscataquis-county-me
2217,pitkin-county-co
2218,pitt-county-nc
2219,pittsburg-county-ok
2220,pittsylvania-county-va
2221,placer-county-ca
2222,plaquemines-county-la
2223,platte-county-mo
2224,platte-county-ne
2225,platte-county-wy
2226,pleasants-county-wv
2227,plumas-county-ca
2228,plymouth-county-ia
2229,plymouth-county-ma
2230,pocahontas-county-ia
2231,pocahontas-county-wv
2232,poinsett-county-ar
2233,pointe-coupee-county-la
2234,polk-county-ar
2235,polk-county-fl
2236,polk-county-ga
2237,polk-county-ia
2238,polk-county-mn
2239,polk-county-mo
2240,polk-county-ne
2241,polk-county-nc
2242,polk-county-or
2243,polk-county-tn
2244,polk-county-tx
2245,polk-county-wi
2246,pondera-county-mt
2247,pontotoc-county-ms
2248,pontotoc-county-ok
2249,pope-county-ar
2250,pope-county-il
2251,pope-county-mn
2252,poquoson-county-va
2253,portage-county-oh
2254,portage-county-wi
2255,porter-county-in
2256,portsmouth-county-va
2257,posey-county-in
2258,pottawatomie-county-ks
2259,pottawatomie-county-ok
2260,pottawattamie-county-ia
2261,potter-county-pa
2262,potter-county-tx
2263,powell-county-ky
2264,power-county-id
2265,poweshiek-county-ia
2266,powhatan-county-va
2267,prairie-county-ar
2268,pratt-county-ks
2269,preble-county-oh
2270,prentiss-county-ms
2271,presidio-county-tx
2272,presque-isle-county-mi
2273,preston-county-wv
2274,price-county-wi
2275,prince-edward-county-va
2276,prince-george-county-va
2277,prince-george's-county-md
2278,prince-william-county-va
2279,prince-of-wales-hyder-county-ak
2280,providence-county-ri
2281,prowers-county-co
2282,pueblo-county-co
2283,pulaski-county-ar
2284,pulaski-county-ga
2285,pulaski-county-il
2286,pulaski-county-in
2287,pulaski-county-ky
2288,pulaski-county-mo
2289,pulaski-county-va
2290,pushmataha-county-ok
2291,putnam-county-fl
2292,putnam-county-ga
2293,putnam-county-il
2294,putnam-county-in
2295,putnam-county-mo
2296,putnam-county-ny
2297,putnam-county-oh
2298,putnam-county-tn
2299,putnam-county-wv
2300,quay-county-nm
2301,queen-anne's-county-md
2302,quitman-county-ga
2303,quitman-county-ms
2304,rabun-county-ga
2305,racine-county-wi
2306,radford-county-va
2307,rains-county-tx
2308,raleigh-county-wv
2309,ralls-county-mo
2310,ramsey-county-mn
2311,ramsey-county-nd
2312,randall-county-tx
2313,randolph-county-al
2314,randolph-county-ar
2315,randolph-county-ga
2316,randolph-county-il
2317,randolph-county-in
2318,randolph-county-mo
2319,randolph-county-nc
2320,randolph-county-wv
2321,rankin-county-ms
2322,ransom-county-nd
2323,rapides-county-la
2324,rappahannock-county-va
2325,ravalli-county-mt
2326,ray-county-mo
2327,reagan-county-tx
2328,real-county-tx
2329,red-lake-county-mn
2330,red-river-county-la
2331,red-river-county-tx
2332,red-willow-county-ne
2333,redwood-county-mn
2334,reeves-county-tx
2335,refugio-county-tx
2336,reno-county-ks
2337,rensselaer-county-ny
2338,renville-county-mn
2339,renville-county-nd
2340,republic-county-ks
2341,reynolds-county-mo
2342,rhea-county-tn
2343,rice-county-ks
2344,rice-county-mn
2345,richardson-county-ne
2346,richland-county-il
2347,richland-county-la
2348,richland-county-mt
2349,richland-county-nd
2350,richland-county-oh
2351,richland-county-sc
2352,richland-county-wi
2353,richmond-county-ga
2354,richmond-county-nc
2355,richmond-county-va
2356,richmond-city-county-va
2357,riley-county-ks
2358,ringgold-county-ia
2359,rio-arriba-county-nm
2360,rio-blanco-county-co
2361,rio-grande-county-co
2362,ripley-county-in
2363,ripley-county-mo
2364,ritchie-county-wv
2365,riverside-county-ca
2366,roane-county-tn
2367,roane-county-wv
2368,roanoke-county-va
2369,roanoke-city-county-va
2370,roberts-county-sd
2371,roberts-county-tx
2372,robertson-county-tn
2373,robertson-county-tx
2374,robeson-county-nc
2375,rock-county-mn
2376,rock-county-ne
2377,rock-county-wi
2378,rock-island-county-il
2379,rockbridge-county-va
2380,rockcastle-county-ky
2381,rockdale-county-ga
2382,rockingham-county-nh
2383,rockingham-county-nc
2384,rockingham-county-va
2385,rockland-county-ny
2386,rockwall-county-tx
2387,rogers-county-ok
2388,rolette-county-nd
2389,rooks-county-ks
2390,roosevelt-county-mt
2391,roosevelt-county-nm
2392,roscommon-county-mi
2393,roseau-county-mn
2394,rosebud-county-mt
2395,ross-county-oh
2396,routt-county-co
2397,rowan-county-ky
2398,rowan-county-nc
2399,runnels-county-tx
2400,rush-county-in
2401,rush-county-ks
2402,rusk-county-tx
2403,rusk-county-wi
2404,russell-county-al
2405,russell-county-ky
2406,russell-county-va
2407,rutherford-county-nc
2408,rutherford-county-tn
2409,rutland-county-vt
2410,sabine-county-la
2411,sabine-county-tx
2412,sac-county-ia
2413,sacramento-county-ca
2414,sagadahoc-county-me
2415,saginaw-county-mi
2416,saguache-county-co
2417,salem-county-nj
2418,salem-county-va
2419,saline-county-ar
2420,saline-county-il
2421,saline-county-ks
2422,saline-county-mo
2423,saline-county-ne
2424,salt-lake-county-ut
2425,saluda-county-sc
2426,sampson-county-nc
2427,san-augustine-county-tx
2428,san-benito-county-ca
2429,san-bernardino-county-ca
2430,san-diego-county-ca
2431,san-francisco-county-ca
2432,san-jacinto-county-tx
2433,san-joaquin-county-ca
2434,san-juan-county-co
2435,san-juan-county-nm
2436,san-juan-county-ut
2437,san-juan-county-wa
2438,san-luis-obispo-county-ca
2439,san-mateo-county-ca
2440,san-miguel-county-co
2441,san-miguel-county-nm
2442,san-patricio-county-tx
2443,san-saba-county-tx
2444,sanborn-county-sd
2445,sandoval-county-nm
2446,sandusky-county-oh
2447,sangamon-county-il
2448,sanilac-county-mi
2449,santa-barbara-county-ca
2450,santa-clara-county-ca
2451,santa-cruz-county-az
2452,santa-cruz-county-ca
2453,santa-fe-county-nm
2454,santa-rosa-county-fl
2455,sarasota-county-fl
2456,saratoga-county-ny
2457,sargent-county-nd
2458,sarpy-county-ne
2459,sauk-county-wi
2460,saunders-county-ne
2461,sawyer-county-wi
2462,schenectady-county-ny
2463,schleicher-county-tx
2464,schley-county-ga
2465,schoharie-county-ny
2466,schoolcraft-county-mi
2467,schuyler-county-il
2468,schuyler-county-mo
2469,schuyler-county-ny
2470,schuylkill-county-pa
2471,scioto-county-oh
2472,scotland-county-mo
2473,scotland-county-nc
2474,scott-county-ar
2475,scott-county-il
2476,scott-county-in
2477,scott-county-ia
2478,scott-county-ks
2479,scott-county-ky
2480,scott-county-mn
2481,scott-county-ms
2482,scott-county-mo
2483,scott-county-tn
2484,scott-county-va
2485,scotts-bluff-county-ne
2486,screven-county-ga
2487,scurry-county-tx
2488,searcy-county-ar
2489,sebastian-county-ar
2490,sedgwick-county-ks
2491,seminole-county-fl
2492,seminole-county-ga
2493,seminole-county-ok
2494,seneca-county-ny
2495,seneca-county-oh
2496,sequatchie-county-tn
2497,sequoyah-county-ok
2498,sevier-county-ar
2499,sevier-county-tn
2500,seward-county-ks
2501,seward-county-ne
2502,shackelford-county-tx
2503,shannon-county-mo
2504,sharkey-county-ms
2505,sharp-county-ar
2506,shasta-county-ca
2507,shawano-county-wi
2508,shawnee-county-ks
2509,sheboygan-county-wi
2510,shelby-county-al
2511,shelby-county-il
2512,shelby-county-in
2513,shelby-county-ia
2514,shelby-county-ky
2515,shelby-county-mo
2516,shelby-county-oh
2517,shelby-county-tn
2518,shelby-county-tx
2519,shenandoah-county-va
2520,sherburne-county-mn
2521,sheridan-county-ks
2522,sheridan-county-ne
2523,sheridan-county-nd
2524,sheridan-county-wy
2525,sherman-county-ks
2526,sherman-county-ne
2527,sherman-county-or
2528,sherman-county-tx
2529,shiawassee-county-mi
2530,sibley-county-mn
2531,sierra-county-ca
2532,sierra-county-nm
2533,silver-bow-county-mt
2534,simpson-county-ky
2535,simpson-county-ms
2536,sioux-county-ia
2537,sioux-county-ne
2538,sioux-county-nd
2539,siskiyou-county-ca
2540,sitka-county-ak
2541,skagit-county-wa
2542,skamania-county-wa
2543,slope-county-nd
2544,smith-county-ks
2545,smith-county-ms
2546,smith-county-tn
2547,smith-county-tx
2548,smyth-county-va
2549,snohomish-county-wa
2550,snyder-county-pa
2551,socorro-county-nm
2552,solano-county-ca
2553,somerset-county-me
2554,somerset-county-md
2555,somerset-county-nj
2556,somerset-county-pa
2557,somervell-county-tx
2558,sonoma-county-ca
2559,southampton-county-va
2560,southeast-fairbanks-county-ak
2561,spalding-county-ga
2562,spartanburg-county-sc
2563,spencer-county-in
2564,spencer-county-ky
2565,spink-county-sd
2566,spokane-county-wa
2567,spotsylvania-county-va
2568,st.-bernard-county-la
2569,st.-charles-county-la
2570,st.-charles-county-mo
2571,st.-clair-county-al
2572,st.-clair-county-il
2573,st.-clair-county-mi
2574,st.-clair-county-mo
2575,st.-croix-county-wi
2576,st.-francis-county-ar
2577,st.-francois-county-mo
2578,st.-helena-county-la
2579,st.-james-county-la
2580,st.-john-the-baptist-county-la
2581,st.-johns-county-fl
2582,st.-joseph-county-in
2583,st.-joseph-county-mi
2584,st.-landry-county-la
2585,st.-lawrence-county-ny
2586,st.-louis-county-mn
2587,st.-louis-county-mo
2588,st.-louis-city-county-mo
2589,st.-lucie-county-fl
2590,st.-martin-county-la
2591,st.-mary-county-la
2592,st.-mary's-county-md
2593,st.-tammany-county-la
2594,stafford-county-ks
2595,stafford-county-va
2596,stanislaus-county-ca
2597,stanley-county-sd
2598,stanly-county-nc
2599,stanton-county-ks
2600,stanton-county-ne
2601,stark-county-il
2602,stark-county-nd
2603,stark-county-oh
2604,starke-county-in
2605,starr-county-tx
2606,staunton-county-va
2607,ste.-genevieve-county-mo
2608,stearns-county-mn
2609,steele-county-mn
2610,steele-county-nd
2611,stephens-county-ga
2612,stephens-county-ok
2613,stephens-county-tx
2614,stephenson-county-il
2615,steuben-county-in
2616,steuben-county-ny
2617,stevens-county-ks
2618,stevens-county-mn
2619,stevens-county-wa
2620,stewart-county-ga
2621,stewart-county-tn
2622,stillwater-county-mt
2623,stoddard-county-mo
2624,stokes-county-nc
2625,stone-county-ar
2626,stone-county-ms
2627,stone-county-mo
2628,storey-county-nv
2629,story-county-ia
2630,strafford-county-nh
2631,stutsman-county-nd
2632,sublette-county-wy
2633,suffolk-county-ma
2634,suffolk-county-ny
2635,suffolk-county-va
2636,sullivan-county-in
2637,sullivan-county-mo
2638,sullivan-county-nh
2639,sullivan-county-ny
2640,sullivan-county-pa
2641,sullivan-county-tn
2642,sully-county-sd
2643,summers-county-wv
2644,summit-county-co
2645,summit-county-oh
2646,summit-county-ut
2647,sumner-county-ks
2648,sumner-county-tn
2649,sumter-county-al
2650,sumter-county-fl
2651,sumter-county-ga
2652,sumter-county-sc
2653,sunflower-county-ms
2654,surry-county-nc
2655,surry-county-va
2656,susquehanna-county-pa
2657,sussex-county-de
2658,sussex-county-nj
2659,sussex-county-va
2660,sutter-county-ca
2661,sutton-county-tx
2662,suwannee-county-fl
2663,swain-county-nc
2664,sweetwater-county-wy
2665,swift-county-mn
2666,swisher-county-tx
2667,switzerland-county-in
2668,talbot-county-ga
2669,talbot-county-md
2670,taliaferro-county-ga
2671,talladega-county-al
2672,tallahatchie-county-ms
2673,tallapoosa-county-al
2674,tama-county-ia
2675,taney-county-mo
2676,tangipahoa-county-la
2677,taos-county-nm
2678,tarrant-county-tx
2679,tate-county-ms
2680,tattnall-county-ga
2681,taylor-county-fl
2682,taylor-county-ga
2683,taylor-county-ia
2684,taylor-county-ky
2685,taylor-county-tx
2686,taylor-county-wv
2687,taylor-county-wi
2688,tazewell-county-il
2689,tazewell-county-va
2690,tehama-county-ca
2691,telfair-county-ga
2692,teller-county-co
2693,tensas-county-la
2694,terrebonne-county-la
2695,terrell-county-ga
2696,terrell-county-tx
2697,terry-county-tx
2698,teton-county-id
2699,teton-county-wy
2700,texas-county-mo
2701,texas-county-ok
2702,thayer-county-ne
2703,thomas-county-ga
2704,thomas-county-ks
2705,thomas-county-ne
2706,throckmorton-county-tx
2707,thurston-county-ne
2708,thurston-county-wa
2709,tift-county-ga
2710,tillamook-county-or
2711,tillman-county-ok
2712,tioga-county-ny
2713,tioga-county-pa
2714,tippah-county-ms
2715,tippecanoe-county-in
2716,tipton-county-in
2717,tipton-county-tn
2718,tishomingo-county-ms
2719,titus-county-tx
2720,todd-county-ky
2721,todd-county-mn
2722,todd-county-sd
2723,tolland-county-ct
2724,tom-green-county-tx
2725,tompkins-county-ny
2726,tooele-county-ut
2727,toole-county-mt
2728,toombs-county-ga
2729,torrance-county-nm
2730,towns-county-ga
2731,traill-county-nd
2732,transylvania-county-nc
2733,traverse-county-mn
2734,travis-county-tx
2735,treasure-county-mt
2736,trego-county-ks
2737,trempealeau-county-wi
2738,treutlen-county-ga
2739,trigg-county-ky
2740,trimble-county-ky
2741,trinity-county-ca
2742,trinity-county-tx
2743,tripp-county-sd
2744,troup-county-ga
2745,trousdale-county-tn
2746,trumbull-county-oh
2747,tucker-county-wv
2748,tulare-county-ca
2749,tulsa-county-ok
2750,tunica-county-ms
2751,tuolumne-county-ca
2752,turner-county-ga
2753,turner-county-sd
2754,tuscaloosa-county-al
2755,tuscarawas-county-oh
2756,tuscola-county-mi
2757,twiggs-county-ga
2758,twin-falls-county-id
2759,tyler-county-tx
2760,tyler-county-wv
2761,tyrrell-county-nc
2762,uinta-county-wy
2763,ulster-county-ny
2764,umatilla-county-or
2765,unassigned-county-al
2766,unassigned-county-ak
2767,unassigned-county-az
2768,unassigned-county-ar
2769,unassigned-county-ca
2770,unassigned-county-ct
2771,unassigned-county-de
2772,unassigned-county-fl
2773,unassigned-county-ga
2774,unassigned-county-hi
2775,unassigned-county-id
2776,unassigned-county-il
2777,unassigned-county-in
2778,unassigned-county-ia
2779,unassigned-county-ks
2780,unassigned-county-ky
2781,unassigned-county-la
2782,unassigned-county-me
2783,unassigned-county-md
2784,unassigned-county-ma
2785,unassigned-county-mi
2786,unassigned-county-mn
2787,unassigned-county-ms
2788,unassigned-county-mo
2789,unassigned-county-mt
2790,unassigned-county-ne
2791,unassigned-county-nv
2792,unassigned-county-nh
2793,unassigned-county-nj
2794,unassigned-county-nm
2795,unassigned-county-ny
2796,unassigned-county-nc
2797,unassigned-county-nd
2798,unassigned-county-oh
2799,unassigned-county-ok
2800,unassigned-county-or
2801,unassigned-county-pa
2802,unassigned-county-ri
2803,unassigned-county-sc
2804,unassigned-county-sd
2805,unassigned-county-tn
2806,unassigned-county-tx
2807,unassigned-county-ut
2808,unassigned-county-vt
2809,unassigned-county-va
2810,unassigned-county-wa
2811,unassigned-county-wv
2812,unassigned-county-wi
2813,unassigned-county-wy
2814,unicoi-county-tn
2815,union-county-ar
2816,union-county-fl
2817,union-county-ga
2818,union-county-il
2819,union-county-in
2820,union-county-ia
2821,union-county-ky
2822,union-county-la
2823,union-county-ms
2824,union-county-nj
2825,union-county-nm
2826,union-county-nc
2827,union-county-oh
2828,union-county-or
2829,union-county-pa
2830,union-county-sc
2831,union-county-sd
2832,union-county-tn
2833,upshur-county-tx
2834,upshur-county-wv
2835,upson-county-ga
2836,upton-county-tx
2837,utah-county-ut
2838,uvalde-county-tx
2839,val-verde-county-tx
2840,valdez-cordova-county-ak
2841,valencia-county-nm
2842,valley-county-id
2843,valley-county-mt
2844,valley-county-ne
2845,van-buren-county-ar
2846,van-buren-county-ia
2847,van-buren-county-mi
2848,van-buren-county-tn
2849,van-wert-county-oh
2850,van-zandt-county-tx
2851,vance-county-nc
2852,vanderburgh-county-in
2853,venango-county-pa
2854,ventura-county-ca
2855,vermilion-county-il
2856,vermilion-county-la
2857,vermillion-county-in
2858,vernon-county-la
2859,vernon-county-mo
2860,vernon-county-wi
2861,victoria-county-tx
2862,vigo-county-in
2863,vilas-county-wi
2864,vinton-county-oh
2865,virginia-beach-county-va
2866,volusia-county-fl
2867,wabash-county-il
2868,wabash-county-in
2869,wabasha-county-mn
2870,wabaunsee-county-ks
2871,wadena-county-mn
2872,wagoner-county-ok
2873,wahkiakum-county-wa
2874,wake-county-nc
2875,wakulla-county-fl
2876,waldo-county-me
2877,walker-county-al
2878,walker-county-ga
2879,walker-county-tx
2880,walla-walla-county-wa
2881,waller-county-tx
2882,wallowa-county-or
2883,walsh-county-nd
2884,walthall-county-ms
2885,walton-county-fl
2886,walton-county-ga
2887,walworth-county-sd
2888,walworth-county-wi
2889,wapello-county-ia
2890,ward-county-nd
2891,ward-county-tx
2892,ware-county-ga
2893,warren-county-ga
2894,warren-county-il
2895,warren-county-in
2896,warren-county-ia
2897,warren-county-ky
2898,warren-county-ms
2899,warren-county-mo
2900,warren-county-nj
2901,warren-county-ny
2902,warren-county-nc
2903,warren-county-oh
2904,warren-county-pa
2905,warren-county-tn
2906,warren-county-va
2907,warrick-county-in
2908,wasatch-county-ut
2909,wasco-county-or
2910,waseca-county-mn
2911,washakie-county-wy
2912,washburn-county-wi
2913,washington-county-al
2914,washington-county-ar
2915,washington-county-co
2916,washington-county-fl
2917,washington-county-ga
2918,washington-county-id
2919,washington-county-il
2920,washington-county-in
2921,washington-county-ia
2922,washington-county-ks
2923,washington-county-ky
2924,washington-county-la
2925,washington-county-me
2926,washington-county-md
2927,washington-county-mn
2928,washington-county-ms
2929,washington-county-mo
2930,washington-county-ne
2931,washington-county-ny
2932,washington-county-nc
2933,washington-county-oh
2934,washington-county-ok
2935,washington-county-or
2936,washington-county-pa
2937,washington-county-ri
2938,washington-county-tn
2939,washington-county-tx
2940,washington-county-vt
2941,washington-county-va
2942,washington-county-wi
2943,washita-county-ok
2944,washoe-county-nv
2945,washtenaw-county-mi
2946,watauga-county-nc
2947,watonwan-county-mn
2948,waukesha-county-wi
2949,waupaca-county-wi
2950,waushara-county-wi
2951,wayne-county-ga
2952,wayne-county-il
2953,wayne-county-in
2954,wayne-county-ia
2955,wayne-county-ky
2956,wayne-county-mi
2957,wayne-county-ms
2958,wayne-county-mo
2959,wayne-county-ne
2960,wayne-county-ny
2961,wayne-county-nc
2962,wayne-county-oh
2963,wayne-county-pa
2964,wayne-county-tn
2965,wayne-county-wv
2966,waynesboro-county-va
2967,weakley-county-tn
2968,webb-county-tx
2969,webster-county-ga
2970,webster-county-ia
2971,webster-county-ky
2972,webster-county-la
2973,webster-county-ms
2974,webster-county-mo
2975,webster-county-ne
2976,webster-county-wv
2977,weld-county-co
2978,wells-county-in
2979,wells-county-nd
2980,west-baton-rouge-county-la
2981,west-carroll-county-la
2982,west-feliciana-county-la
2983,westchester-county-ny
2984,westmoreland-county-pa
2985,westmoreland-county-va
2986,weston-county-wy
2987,wetzel-county-wv
2988,wexford-county-mi
2989,wharton-county-tx
2990,whatcom-county-wa
2991,wheatland-county-mt
2992,wheeler-county-ga
2993,wheeler-county-ne
2994,wheeler-county-or
2995,wheeler-county-tx
2996,white-county-ar
2997,white-county-ga
2998,white-county-il
2999,white-county-in
3000,white-county-tn
3001,white-pine-county-nv
3002,whiteside-county-il
3003,whitfield-county-ga
3004,whitley-county-in
3005,whitley-county-ky
3006,whitman-county-wa
3007,wichita-county-tx
3008,wicomico-county-md
3009,wilbarger-county-tx
3010,wilcox-county-al
3011,wilcox-county-ga
3012,wilkes-county-ga
3013,wilkes-county-nc
3014,wilkin-county-mn
3015,wilkinson-county-ga
3016,wilkinson-county-ms
3017,will-county-il
3018,willacy-county-tx
3019,williams-county-nd
3020,williams-county-oh
3021,williamsburg-county-sc
3022,williamsburg-county-va
3023,williamson-county-il
3024,williamson-county-tn
3025,williamson-county-tx
3026,wilson-county-ks
3027,wilson-county-nc
3028,wilson-county-tn
3029,wilson-county-tx
3030,winchester-county-va
3031,windham-county-ct
3032,windham-county-vt
3033,windsor-county-vt
3034,winkler-county-tx
3035,winn-county-la
3036,winnebago-county-il
3037,winnebago-county-ia
3038,winnebago-county-wi
3039,winneshiek-county-ia
3040,winona-county-mn
3041,winston-county-al
3042,winston-county-ms
3043,wirt-county-wv
3044,wise-county-tx
3045,wise-county-va
3046,wolfe-county-ky
3047,wood-county-oh
3048,wood-county-tx
3049,wood-county-wv
3050,wood-county-wi
3051,woodbury-county-ia
3052,woodford-county-il
3053,woodford-county-ky
3054,woodruff-county-ar
3055,woods-county-ok
3056,woodson-county-ks
3057,woodward-county-ok
3058,worcester-county-md
3059,worcester-county-ma
3060,worth-county-ga
3061,worth-county-ia
3062,worth-county-mo
3063,wrangell-county-ak
3064,wright-county-ia
3065,wright-county-mn
3066,wright-county-mo
3067,wyandot-county-oh
3068,wyandotte-county-ks
3069,wyoming-county-ny
3070,wyoming-county-pa
3071,wyoming-county-wv
3072,wythe-county-va
3073,yadkin-county-nc
3074,yakima-county-wa
3075,yalobusha-county-ms
3076,yamhill-county-or
3077,yancey-county-nc
3078,yankton-county-sd
3079,yates-county-ny
3080,yavapai-county-az
3081,yazoo-county-ms
3082,yell-county-ar
3083,yellow-medicine-county-mn
3084,yellowstone-county-mt
3085,yoakum-county-tx
3086,yolo-county-ca
3087,york-county-me
3088,york-county-ne
3089,york-county-pa
3090,york-county-sc
3091,york-county-va
3092,young-county-tx
3093,yuba-county-ca
3094,yukon-koyukuk-county-ak
3095,yuma-county-az
3096,yuma-county-co
3097,zapata-county-tx
3098,zavala-county-tx
3099,ziebach-county-sd
3100,
3101,
3102,
3103,
3104,
3105,
3106,hickory-county-mo
3107,dukes-county-ma
3108,nantucket-county-ma
3109,ontonagon-county-mi
